{
    "accuracy": 0.9824561403508771,
    "precision": 1.0,
    "recall": 0.9534883720930233,
    "f1_score": 0.9761904761904762
}